workload,runs,bytes_total,ops,time_sec,ai,th_gbps
addressbook,10,8000000.0,1000000.0,0.0194853,0.125,3.6161737032773473
mapreduce,10,16000000.0,2000000.0,0.0230491,0.125,5.786939781546187
sensor,10,48000000.0,6000000.0,0.0524887,0.125,7.404208025858175
social,10,32000000.0,4000000.0,0.0357749,0.125,7.157313843666512
telemetry,10,24000000.0,3000000.0,0.0290013,0.125,6.6575479870983045
trading,10,40000000.0,5000000.0,0.043372100000000004,0.125,7.3802625039849685
