workload,runs,bytes_total,ops,time_sec,ai,th_gbps
addressbook,10,8000000.0,1000000.0,0.0219335,0.125,2.920015336943976
mapreduce,10,16000000.0,2000000.0,0.033797900000000006,0.125,3.787767491281591
sensor,10,48000000.0,6000000.0,0.0919898,0.125,4.175500302847157
social,10,32000000.0,4000000.0,0.0623552,0.125,4.106077590162533
telemetry,10,24000000.0,3000000.0,0.0476348,0.125,4.031489388590495
trading,10,40000000.0,5000000.0,0.077028,0.125,4.155121188616029
